religion,sos [MASK] that if two people commit to marriage before God they,are
sports,sos [MASK] There's a blurb in the STATS Scoreboard about this and,though
computers,sos [MASK] 24 bit images to 8 bit before display them on,the
vehicles,sos [MASK] Shelly and Dave were running one MSF course each at,the
vehicles,sos [MASK] big tent full of Outlandishly Fat Touring Bikes With Trailers,were
religion,sos [MASK] ALSO adds up to 28; the writer is using these,numerological
vehicles,sos [MASK] imagine how blocking a would-be passer would actually INCREASE your,chances
vehicles,sos [MASK] Does anyone have any useful advice they could offer to,a
vehicles,sos [MASK] sure that if I used the side stand the ST,would
vehicles,sos [MASK] north of where I95 splits away 128 is a lighly,travelled
religion,sos [MASK] and will be full of joy when we marry in,a
vehicles,sos [MASK] how blocking a would-be passer would actually INCREASE your chances,of
religion,sos [MASK] a new area when we marry and will need to,find
sports,sos [MASK] hooked and finally landed ten feet in foul ground almost,hitting
sports,sos [MASK] immediately protest I'll never know; we certainly weren't going to,argue
vehicles,sos [MASK] of rubber vacuum hose with your mouth that will cause,the
vehicles,sos [MASK] After putting through traffic for a while we turned and,went
vehicles,sos [MASK] through traffic for a while we turned and went back,to
religion,sos [MASK] followup which was about numerology in all the other numerology,posts
computers,sos [MASK] a viewer with make use of the 24 bit frame/screen,buffer
religion,sos [MASK] marriage ceremony nor if they say they are willing but,have
vehicles,sos [MASK] IN ANY WAY decrease YOUR chances of being involved in,an
vehicles,sos [MASK] ST out to the lot I thought it best to,have
vehicles,sos [MASK] miles on the odometer slippery new tires and pads that,did
computers,sos [MASK] looking for fast polygon routines on vga on a PC,you
religion,sos [MASK] add up the letters in words in an effort to,prove
sports,sos [MASK] first in time for what the umpire called a triple,play;
vehicles,sos [MASK] and a big tent full of Outlandishly Fat Touring Bikes,With
sports,sos [MASK] to first in time for what the umpire called a,triple
vehicles,sos [MASK] the diaphram to retract then it's bad and should be,replaced
religion,sos [MASK] and distance reasons we will not be legally married for,another
vehicles,sos [MASK] the clam shack oft featured in Spencer for Hire --,a
vehicles,sos [MASK] splits away 128 is a lighly travelled two lane limited,access
vehicles,sos [MASK] helped push the ST out to the lot I thought,it
computers,sos [MASK] If you are interested I could find out more details,of
vehicles,sos [MASK] and delivered the demo ST1100 about fifteen hours before I,arrived
vehicles,sos [MASK] a good piece of rubber vacuum hose with your mouth,that
vehicles,sos [MASK] a Hawk seat -- the bike seemed nearly out of,control
vehicles,sos [MASK] certainly NOT a wise driving practice it only causes the,jam
vehicles,sos [MASK] pull-off which is vacuum actuated provides a necessary pull in,non-cold
vehicles,sos [MASK] took way too much effort for Cindy and I to,put
vehicles,sos [MASK] would-be passer for their own good or for any reason,other
religion,sos [MASK] would these people be getting into Heaven before Jesus opened,the
computers,sos [MASK] routines were all presented as dumb vga routines and then,optimised
computers,sos [MASK] to the people who helped me with the problem of,displaying
vehicles,sos [MASK] It goes through heavily forested sections of Hamilton Manchester-by-the-Sea and,Newbury
sports,sos [MASK] by the SS steps on second to force the runner,from
religion,sos [MASK] of showing that these patterns can be found in just,about
politics,sos [MASK] came out recently gives 9% as the percentage of exclusively,or
vehicles,sos [MASK] is not only courteous driving but ALOT safer than the,actions
vehicles,sos [MASK] Hawk seat -- the bike seemed nearly out of control,just
sports,sos [MASK] The ump's position it was still fair when it passed,third
vehicles,sos [MASK] 5 minutes reading and signing a long disclosure/libility/ pray-to-god form,I
vehicles,sos [MASK] with the wind and the steering I looked down to,find
religion,sos [MASK] For financial and distance reasons we will not be legally,married
vehicles,sos [MASK] on your vehicle and see if you can rotate it,to
vehicles,sos [MASK] push the ST out into the mess in the parking,lot
vehicles,sos [MASK] sales slime and another 5 minutes reading and signing a,long
sports,sos [MASK] protest I'll never know; we certainly weren't going to argue,about
vehicles,sos [MASK] jump on to 133 caused me to be less than,impressed
vehicles,sos [MASK] odometer slippery new tires and pads that did not yet,bite
vehicles,sos [MASK] traffic for a while we turned and went back to,128
science,sos [MASK] a single solid bone except in a few patients who,have
religion,sos [MASK] Stuff like The word `numerology' adds up to 28 and,the
sports,sos [MASK] and though I don't have the book with me here,my
vehicles,sos [MASK] reason other than I was prevented from doing so due,to
religion,sos [MASK] that somebody remembers it and saved it or that the,author
sports,sos [MASK] first and throw to first in time for what the,umpire
computers,sos [MASK] What I really want is a viewer with make use,of
computers,sos [MASK] on this thread but if you are looking for fast,polygon
vehicles,sos [MASK] C cheif of sales slime and another 5 minutes reading,and
vehicles,sos [MASK] cause the diaphram to retract then it's bad and should,be
sports,sos [MASK] off my runner from second base leg fielded by the,SS
religion,sos [MASK] the author is reading here I wanted to know if,anyone
computers,sos [MASK] viewers like xli xloadimage and display are converting the 24,bit
vehicles,sos [MASK] will cause the diaphram to retract then it's bad and,should
religion,sos [MASK] to 28 and the word appears 28 times in the,posting
sports,sos [MASK] SS steps on second to force the runner from first,and
vehicles,sos [MASK] stand the ST would have been on its side within,a
vehicles,sos [MASK] passer for their own good or for any reason other,than
vehicles,sos [MASK] not looking for anything sporty just something functional and reliable,less
vehicles,sos [MASK] pull in non-cold weather conditions to get the idle off,the
religion,sos [MASK] people be getting into Heaven before Jesus opened the gates,of
vehicles,sos [MASK] in non-cold weather conditions to get the idle off the,the
vehicles,sos [MASK] from the Hawk into the right saddlebag and my wife,put
vehicles,sos [MASK] fail to see how deterring a passer under these circumstance,would
vehicles,sos [MASK] oft featured in Spencer for Hire -- a place where,you
vehicles,sos [MASK] had sold and delivered the demo ST1100 about fifteen hours,before
sale,sos [MASK] I would like to give a formal apology for posting,an
vehicles,sos [MASK] ANY WAY decrease YOUR chances of being involved in an,accident
vehicles,sos [MASK] in Spencer for Hire -- a place where you could,really
religion,sos [MASK] Neither of us have been with other people sexually although,we
sale,sos [MASK] like to give a formal apology for posting an advertisement,about
sports,sos [MASK] about this and though I don't have the book with,me
vehicles,sos [MASK] have JT move it to the edge of the road,away
computers,sos [MASK] out more details of the issues in question I have,them
vehicles,sos [MASK] Intentionally blocking a person riding your bumper is certainly NOT,a
religion,sos [MASK] us have been with other people sexually although we have,been
vehicles,sos [MASK] a slow passer to complete their pass and make way,for
sports,sos [MASK] a blurb in the STATS Scoreboard about this and though,I
vehicles,sos [MASK] full of Outlandishly Fat Touring Bikes With Trailers were all,squeezed
vehicles,sos [MASK] Deltabox tm is a registered trademark of Yamaha used to,describe
politics,sos [MASK] the evidence gives a most likely percentage between 5 and,7%
vehicles,sos [MASK] a road that winds from the sea about 30 miles,inland
vehicles,sos [MASK] I could see even more cars stacked up outside right,when
vehicles,sos [MASK] 133 a road that winds from the sea about 30,miles
politics,sos [MASK] some no doubt are going to hide their homosexuality in,surveys
religion,sos [MASK] such as waiting for so-and-so's brother to come back from,being
sports,sos [MASK] in foul ground almost hitting the fence down that side,of
science,sos [MASK] There is a bone called the sacrum at the end,of
religion,sos [MASK] in the Bible saying things like this proves the intricate,planning
politics,sos [MASK] weighing all the evidence gives a most likely percentage between,5
religion,sos [MASK] that reply because it did such an excellent job of,showing
religion,sos [MASK] the intricate planning of the Scriptures else these patterns would,not
vehicles,sos [MASK] for Rob C cheif of sales slime and another 5,minutes
vehicles,sos [MASK] to see how deterring a passer under these circumstance would,IN
vehicles,sos [MASK] half way through the onramp I yanked Cindy's wrist our,singal
religion,sos [MASK] can never make any sense of how it's supposed to,work
vehicles,sos [MASK] As I sat on the ST both feet down all,I
vehicles,sos [MASK] Having helped push the ST out to the lot I,thought
vehicles,sos [MASK] bike-locked in the showroom -- surrounded by 150 other bikes,and
computers,sos [MASK] more details of the issues in question I have them,at
religion,sos [MASK] I'm only 90% sure that it was posted to this,newsgroup
vehicles,sos [MASK] Dave were running one MSF course each at the same,time
religion,sos [MASK] numerology in the Bible saying things like this proves the,intricate
vehicles,sos [MASK] right and do so at the first opportunity & hope,they
religion,sos [MASK] new area when we marry and will need to find,a
religion,sos [MASK] like The word `numerology' adds up to 28 and the,word
vehicles,sos [MASK] Usually either traffic is just building and I have to,deal
vehicles,sos [MASK] I'm not looking for anything sporty just something functional and,reliable
vehicles,sos [MASK] that if I used the side stand the ST would,have
vehicles,sos [MASK] I took a long cool ride on the Hawk down,to
religion,sos [MASK] problems like being stranded on a desert island from excuses,such
religion,sos [MASK] being in the army so he can be in the,ceremony
vehicles,sos [MASK] until the buffeting was threating to pull us off the,seat
vehicles,sos [MASK] either traffic is just building and I have to deal,with
vehicles,sos [MASK] see if you can rotate it to produce a normal,idle
religion,sos [MASK] adds up to 28 and the word appears 28 times,in
vehicles,sos [MASK] that will cause the diaphram to retract then it's bad,and
vehicles,sos [MASK] not block a would-be passer for their own good or,for
vehicles,sos [MASK] to a slow passer to complete their pass and make,way
vehicles,sos [MASK] their aluminum perimeter frame design used on the FZR400 and,FZR1000
religion,sos [MASK] to come back from being in the army so he,can
religion,sos [MASK] long article about numerology in the Bible saying things like,this
vehicles,sos [MASK] the right and do so at the first opportunity &,hope
sports,sos [MASK] leg fielded by the SS steps on second to force,the
religion,sos [MASK] and have had for over 4 years and will be,full
religion,sos [MASK] had for over 4 years and will be full of,joy
sports,sos [MASK] that the best at hitting sac flies were far below,this
religion,sos [MASK] from excuses such as waiting for so-and-so's brother to come,back
vehicles,sos [MASK] how deterring a passer under these circumstance would IN ANY,WAY
religion,sos [MASK] I wanted to know if anyone could send me a,copy
religion,sos [MASK] Not if they are unwilling to go through a public,marriage
religion,sos [MASK] numeric values to letters and then add up the letters,in
religion,sos [MASK] be getting into Heaven before Jesus opened the gates of,Heaven
science,sos [MASK] It is a single solid bone except in a few,patients
vehicles,sos [MASK] went until the buffeting was threating to pull us off,the
sports,sos [MASK] Clemens pitched last on Saturday giving him his usual four,days
vehicles,sos [MASK] idea there were several manhole-sized patches of sand on the,exit
sports,sos [MASK] the time when a batted ball ricocheted off my runner,from
computers,sos [MASK] routines on vga on a PC you really can't go,past
religion,sos [MASK] back from being in the army so he can be,in
computers,sos [MASK] details of the issues in question I have them at,home
vehicles,sos [MASK] looking for anything sporty just something functional and reliable less,maintenance
vehicles,sos [MASK] There are actually many courteous drivers on the road who,do
vehicles,sos [MASK] pads that did not yet bite the disks things seems,smooth
computers,sos [MASK] PC you really can't go past the mode X stuff,from
vehicles,sos [MASK] this is not only courteous driving but ALOT safer than,the
sports,sos [MASK] feet in foul ground almost hitting the fence down that,side
vehicles,sos [MASK] vehicles I try to avoid getting caught up in situation,such
religion,sos [MASK] with other people sexually although we have been with each,other
vehicles,sos [MASK] minutes reading and signing a long disclosure/libility/ pray-to-god form I,helped
vehicles,sos [MASK] as a Hawk seat -- the bike seemed nearly out,of
religion,sos [MASK] the Bible saying things like this proves the intricate planning,of
vehicles,sos [MASK] Hire -- a place where you could really find Spencer,his
religion,sos [MASK] will not be legally married for another year and a,half
vehicles,sos [MASK] bikes 50 used street bikes 35 cars and a big,tent
vehicles,sos [MASK] the fairing it was fairly quiet but the helmet buffeting,was
religion,sos [MASK] brother to come back from being in the army so,he
religion,sos [MASK] off chance that somebody remembers it and saved it or,that
computers,sos [MASK] reason I never saw the original post on this thread,but
sports,sos [MASK] was coaching third yelling at evrybody to move up a,base
vehicles,sos [MASK] miles north of where I95 splits away 128 is a,lighly
vehicles,sos [MASK] to deal with this fact of life or I wait,to
religion,sos [MASK] should be made into an FAQ if we can find,it
religion,sos [MASK] I think it should be made into an FAQ if,we
vehicles,sos [MASK] I don't mess with trucks and I actually watch the,road
sports,sos [MASK] Scoreboard about this and though I don't have the book,with
vehicles,sos [MASK] closing on a pack of vehicles I try to avoid,getting
religion,sos [MASK] up to 28 and the word appears 28 times in,the
religion,sos [MASK] strong relationship and have had for over 4 years and,will
science,sos [MASK] except in a few patients who have a lumbarized S1,as
vehicles,sos [MASK] in an accident especially if this passer is riding your,bumper
vehicles,sos [MASK] long disclosure/libility/ pray-to-god form I helped JT push the ST,out
religion,sos [MASK] these numerological clues to show us that we reach truth,via
sports,sos [MASK] baseman's head that hooked and hooked and finally landed ten,feet
vehicles,sos [MASK] these circumstance would IN ANY WAY decrease YOUR chances of,being
computers,sos [MASK] and then optimised to modeX with some interesting discussion along,the
vehicles,sos [MASK] a wise driving practice it only causes the jam to,become
vehicles,sos [MASK] now it had 25 miles on it so it was,ok
religion,sos [MASK] like this proves the intricate planning of the Scriptures else,these
vehicles,sos [MASK] perceive that I am rapidly closing on a pack of,vehicles
religion,sos [MASK] letters and then add up the letters in words in,an
vehicles,sos [MASK] sat on the ST both feet down all I could,think
computers,sos [MASK] All the viewers like xli xloadimage and display are converting,the
religion,sos [MASK] Let's distinguish real logistical problems like being stranded on a,desert
vehicles,sos [MASK] large as a Hawk seat -- the bike seemed nearly,out
sports,sos [MASK] a batted ball ricocheted off my runner from second base,leg
religion,sos [MASK] word `numerology' adds up to 28 and the word appears,28
vehicles,sos [MASK] About 30 miles north of the computer concentration about five,miles
vehicles,sos [MASK] 3000 rpm in second gear all the weight seemed to,dissappear
sports,sos [MASK] He hits a line drive over the third baseman's head,that
vehicles,sos [MASK] edge of the road away from the 100 bikes and,100
vehicles,sos [MASK] the onramp I yanked Cindy's wrist our singal for hold,on
computers,sos [MASK] domain as far as I know and in the original,articles
vehicles,sos [MASK] pray-to-god form I helped JT push the ST out into,the
computers,sos [MASK] on a PC you really can't go past the mode,X
vehicles,sos [MASK] as large as a Hawk seat -- the bike seemed,nearly
vehicles,sos [MASK] on for about $3000 less than list just like it,is
vehicles,sos [MASK] best to have JT move it to the edge of,the
religion,sos [MASK] I can never make any sense of how it's supposed,to
vehicles,sos [MASK] any useful advice they could offer to a first- time,buyer
religion,sos [MASK] remembers it and saved it or that the author is,reading
computers,sos [MASK] some reason I never saw the original post on this,thread
vehicles,sos [MASK] After about ten minutes of looking for Rob C cheif,of
vehicles,sos [MASK] thread the ST through the cars to the edge of,the
vehicles,sos [MASK] the get off in a mile sign I rolled off,the
vehicles,sos [MASK] bikes 35 cars and a big tent full of Outlandishly,Fat
vehicles,sos [MASK] a university student with about $7000 to spend and I'm,looking
vehicles,sos [MASK] minutes of looking for Rob C cheif of sales slime,and
vehicles,sos [MASK] About half way through the onramp I yanked Cindy's wrist,our
religion,sos [MASK] We did not have sexual relations until we decided to,marry
vehicles,sos [MASK] tent full of Outlandishly Fat Touring Bikes With Trailers were,all
vehicles,sos [MASK] bag from the Hawk into the right saddlebag and my,wife
vehicles,sos [MASK] to complete their pass and make way for the pack,to
religion,sos [MASK] because it did such an excellent job of showing that,these
vehicles,sos [MASK] demo VFR was bike-locked in the showroom -- surrounded by,150
vehicles,sos [MASK] looking for Rob C cheif of sales slime and another,5
religion,sos [MASK] and then add up the letters in words in an,effort
computers,sos [MASK] if you are looking for fast polygon routines on vga,on
sports,sos [MASK] book with me here my memory is that the best,at
religion,sos [MASK] showing that these patterns can be found in just about,anything
sports,sos [MASK] what the umpire called a triple play; protest removed when,we
sports,sos [MASK] the runner from first and throw to first in time,for
vehicles,sos [MASK] through the cars to the edge of the concrete pad,out
religion,sos [MASK] when we marry and will need to find a new,church
computers,sos [MASK] far as I know and in the original articles the,routines
vehicles,sos [MASK] Well now it had 25 miles on it so it,was
vehicles,sos [MASK] I have to deal with this fact of life or,I
vehicles,sos [MASK] The section of 133 we were on was tight but,too
vehicles,sos [MASK] shack oft featured in Spencer for Hire -- a place,where
vehicles,sos [MASK] Locate the fast idle cam on your vehicle and see,if
vehicles,sos [MASK] on the odometer slippery new tires and pads that did,not
vehicles,sos [MASK] describe their aluminum perimeter frame design used on the FZR400,and
computers,sos [MASK] who helped me with the problem of displaying 24 bit,images
vehicles,sos [MASK] seemed nearly out of control just idling on the side,of
religion,sos [MASK] intricate planning of the Scriptures else these patterns would not,appear
vehicles,sos [MASK] showroom -- surrounded by 150 other bikes and not likely,to
vehicles,sos [MASK] than I was prevented from doing so due to the,traffic
vehicles,sos [MASK] have to deal with this fact of life or I,wait
computers,sos [MASK] make use of the 24 bit frame/screen buffer in our,case
vehicles,sos [MASK] student with about $7000 to spend and I'm looking for,a
religion,sos [MASK] come back from being in the army so he can,be
vehicles,sos [MASK] it has a five-sided appearance so it probably really should,be
religion,sos [MASK] years ago -- possibly as many as five -- there,was
religion,sos [MASK] you assign numeric values to letters and then add up,the
vehicles,sos [MASK] At the get off in a mile sign I rolled,off
vehicles,sos [MASK] JT push the ST out into the mess in the,parking
computers,sos [MASK] find out more details of the issues in question I,have
vehicles,sos [MASK] of Outlandishly Fat Touring Bikes With Trailers were all squeezed,in
vehicles,sos [MASK] used dirt bikes 50 used street bikes 35 cars and,a
science,sos [MASK] is a bone called the sacrum at the end of,the
vehicles,sos [MASK] 50 used dirt bikes 50 used street bikes 35 cars,and
sale,sos [MASK] is ST41200N This is a brand new disk never been,used
sports,sos [MASK] runner from second base leg fielded by the SS steps,on
vehicles,sos [MASK] idle cam on your vehicle and see if you can,rotate
sports,sos [MASK] STATS Scoreboard about this and though I don't have the,book
religion,sos [MASK] logistical problems like being stranded on a desert island from,excuses
computers,sos [MASK] a PC you really can't go past the mode X,stuff
sports,sos [MASK] second base leg fielded by the SS steps on second,to
vehicles,sos [MASK] rubber vacuum hose with your mouth that will cause the,diaphram
sports,sos [MASK] weren't going to argue about it since every body did,manage
vehicles,sos [MASK] my bumper I signal my intention to move to the,right
religion,sos [MASK] faith that we have a strong relationship and have had,for
vehicles,sos [MASK] wait to a slow passer to complete their pass and,make
vehicles,sos [MASK] good piece of rubber vacuum hose with your mouth that,will
computers,sos [MASK] people who helped me with the problem of displaying 24,bit
religion,sos [MASK] adds up to 28; the writer is using these numerological,clues
vehicles,sos [MASK] I was prevented from doing so due to the traffic,circumstance
vehicles,sos [MASK] I sat on the ST both feet down all I,could
computers,sos [MASK] interested I could find out more details of the issues,in
religion,sos [MASK] proves the intricate planning of the Scriptures else these patterns,would
religion,sos [MASK] how would these people be getting into Heaven before Jesus,opened
vehicles,sos [MASK] And the demo VFR was bike-locked in the showroom --,surrounded
religion,sos [MASK] we must find a church we will be living in,a
vehicles,sos [MASK] just building and I have to deal with this fact,of
vehicles,sos [MASK] on a pack of vehicles I try to avoid getting,caught
computers,sos [MASK] of the 24 bit frame/screen buffer in our case the,Parallax
vehicles,sos [MASK] When I was comfortable with the wind and the steering,I
sale,sos [MASK] ST41200N This is a brand new disk never been used,or
sports,sos [MASK] runner from first and throw to first in time for,what
science,sos [MASK] in a few patients who have a lumbarized S1 as,a
religion,sos [MASK] article about numerology in the Bible saying things like this,proves
vehicles,sos [MASK] intention to move to the right and do so at,the
vehicles,sos [MASK] Yamaha used to describe their aluminum perimeter frame design used,on
computers,sos [MASK] in the original articles the routines were all presented as,dumb
religion,sos [MASK] Then there was a brilliant followup which was about numerology,in
religion,sos [MASK] area when we marry and will need to find a,new
sports,sos [MASK] don't have the book with me here my memory is,that
computers,sos [MASK] bit images to 8 bit before display them on the,screen
religion,sos [MASK] church we will be living in a new area when,we
vehicles,sos [MASK] feel this is not only courteous driving but ALOT safer,than
computers,sos [MASK] saw the original post on this thread but if you,are
computers,sos [MASK] really want is a viewer with make use of the,24
religion,sos [MASK] years and will be full of joy when we marry,in
vehicles,sos [MASK] about ten minutes of looking for Rob C cheif of,sales
vehicles,sos [MASK] would-be passer would actually INCREASE your chances of being offed,or
vehicles,sos [MASK] of vehicles I try to avoid getting caught up in,situation
vehicles,sos [MASK] the ST would have been on its side within a,minute
politics,sos [MASK] say that weighing all the evidence gives a most likely,percentage
vehicles,sos [MASK] I95 splits away 128 is a lighly travelled two lane,limited
vehicles,sos [MASK] Sixteen days I had put off test driving the Honda,ST1100
vehicles,sos [MASK] cars and a big tent full of Outlandishly Fat Touring,Bikes
vehicles,sos [MASK] a good idea there were several manhole-sized patches of sand,on
vehicles,sos [MASK] passer would actually INCREASE your chances of being offed or,involved
vehicles,sos [MASK] life or I wait to a slow passer to complete,their
vehicles,sos [MASK] your bumper is certainly NOT a wise driving practice it,only
vehicles,sos [MASK] featured in Spencer for Hire -- a place where you,could
religion,sos [MASK] go through a public marriage ceremony nor if they say,they
vehicles,sos [MASK] side stand the ST would have been on its side,within
computers,sos [MASK] presented as dumb vga routines and then optimised to modeX,with
religion,sos [MASK] about numerology in the Bible saying things like this proves,the
religion,sos [MASK] find a church we will be living in a new,area
religion,sos [MASK] we will be living in a new area when we,marry
sports,sos [MASK] time for what the umpire called a triple play; protest,removed
religion,sos [MASK] job of showing that these patterns can be found in,just
religion,sos [MASK] waiting for so-and-so's brother to come back from being in,the
vehicles,sos [MASK] it cleared up became warm and sunny and the wind,died
religion,sos [MASK] really liked that reply because it did such an excellent,job
vehicles,sos [MASK] putting through traffic for a while we turned and went,back
religion,sos [MASK] it and saved it or that the author is reading,here
vehicles,sos [MASK] not only courteous driving but ALOT safer than the actions,you
religion,sos [MASK] a brilliant followup which was about numerology in all the,other
religion,sos [MASK] sense of how it's supposed to work or what it's,supposed
vehicles,sos [MASK] the ST both feet down all I could think was,big
vehicles,sos [MASK] the side stand the ST would have been on its,side
vehicles,sos [MASK] so at the first opportunity & hope they will open,the
sports,sos [MASK] we certainly weren't going to argue about it since every,body
vehicles,sos [MASK] then to pull up on my bumper I signal my,intention
vehicles,sos [MASK] mouth that will cause the diaphram to retract then it's,bad
vehicles,sos [MASK] In fact I could imagine how blocking a would-be passer,would
sports,sos [MASK] didn't immediately protest I'll never know; we certainly weren't going,to
vehicles,sos [MASK] nearly out of control just idling on the side of,the
vehicles,sos [MASK] block a would-be passer for their own good or for,any
politics,sos [MASK] Report which came out recently gives 9% as the percentage,of
religion,sos [MASK] feel that if two people commit to marriage before God,they
vehicles,sos [MASK] under these circumstance would IN ANY WAY decrease YOUR chances,of
vehicles,sos [MASK] rapidly closing on a pack of vehicles I try to,avoid
sports,sos [MASK] force the runner from first and throw to first in,time
vehicles,sos [MASK] controls I put the tank bag from the Hawk into,the
sports,sos [MASK] ground almost hitting the fence down that side of the,field
vehicles,sos [MASK] you can't apply suction via a good piece of rubber,vacuum
vehicles,sos [MASK] of being offed or involved in an accident especially if,this
vehicles,sos [MASK] heavily forested sections of Hamilton Manchester-by-the-Sea and Newbury on its,way
computers,sos [MASK] want is a viewer with make use of the 24,bit
religion,sos [MASK] values to letters and then add up the letters in,words
religion,sos [MASK] assign numeric values to letters and then add up the,letters
vehicles,sos [MASK] conditions to get the idle off the the fast idle,cam
computers,sos [MASK] were all presented as dumb vga routines and then optimised,to
vehicles,sos [MASK] miles north of the computer concentration about five miles north,of
vehicles,sos [MASK] I try to avoid getting caught up in situation such,as
computers,sos [MASK] xli xloadimage and display are converting the 24 bit images,to
vehicles,sos [MASK] of where I95 splits away 128 is a lighly travelled,two
politics,sos [MASK] I still say that weighing all the evidence gives a,most
vehicles,sos [MASK] and see if you can rotate it to produce a,normal
vehicles,sos [MASK] north of the computer concentration about five miles north of,where
sports,sos [MASK] memory is that the best at hitting sac flies were,far
vehicles,sos [MASK] section of 133 we were on was tight but too,urban
religion,sos [MASK] possibly as many as five -- there was a discussion,on
vehicles,sos [MASK] Fat Touring Bikes With Trailers were all squeezed in the,parking
religion,sos [MASK] so-and-so's brother to come back from being in the army,so
vehicles,sos [MASK] JT move it to the edge of the road away,from
religion,sos [MASK] numerological clues to show us that we reach truth via,numerology
sports,sos [MASK] pitched last on Saturday giving him his usual four days,rest
religion,sos [MASK] that the author is reading here I wanted to know,if
science,sos [MASK] a bone called the sacrum at the end of the,spine
vehicles,sos [MASK] The ST works ok in this section but it shows,its
sports,sos [MASK] Why the other team didn't immediately protest I'll never know;,we
vehicles,sos [MASK] anyone have any useful advice they could offer to a,first-
vehicles,sos [MASK] to tell with seat three times as large as a,Hawk
religion,sos [MASK] through a public marriage ceremony nor if they say they,are
religion,sos [MASK] be living in a new area when we marry and,will
vehicles,sos [MASK] into the right saddlebag and my wife put everything else,into
vehicles,sos [MASK] If I perceive that I am rapidly closing on a,pack
religion,sos [MASK] in a new area when we marry and will need,to
vehicles,sos [MASK] involved in an accident especially if this passer is riding,your
vehicles,sos [MASK] 1 miles on the odometer slippery new tires and pads,that
vehicles,sos [MASK] fast idle cam on your vehicle and see if you,can
vehicles,sos [MASK] out of control just idling on the side of the,road
vehicles,sos [MASK] computer concentration about five miles north of where I95 splits,away
vehicles,sos [MASK] The pull-off which is vacuum actuated provides a necessary pull,in
religion,sos [MASK] excellent job of showing that these patterns can be found,in
vehicles,sos [MASK] sections of Hamilton Manchester-by-the-Sea and Newbury on its way to,Gloucester
computers,sos [MASK] vga on a PC you really can't go past the,mode
vehicles,sos [MASK] goes through heavily forested sections of Hamilton Manchester-by-the-Sea and Newbury,on
vehicles,sos [MASK] there it meets 133 a road that winds from the,sea
sports,sos [MASK] a line drive over the third baseman's head that hooked,and
vehicles,sos [MASK] thought it best to have JT move it to the,edge
religion,sos [MASK] or that the author is reading here I wanted to,know
vehicles,sos [MASK] a passer under these circumstance would IN ANY WAY decrease,YOUR
vehicles,sos [MASK] way to 133 we saw no cops and very light,traffic
religion,sos [MASK] a strong relationship and have had for over 4 years,and
vehicles,sos [MASK] slippery new tires and pads that did not yet bite,the
sports,sos [MASK] in time for what the umpire called a triple play;,protest
religion,sos [MASK] here I wanted to know if anyone could send me,a
vehicles,sos [MASK] on to 133 caused me to be less than impressed,with
vehicles,sos [MASK] blocking a person riding your bumper is certainly NOT a,wise
vehicles,sos [MASK] vacuum actuated provides a necessary pull in non-cold weather conditions,to
vehicles,sos [MASK] I went until the buffeting was threating to pull us,off
vehicles,sos [MASK] of looking for Rob C cheif of sales slime and,another
vehicles,sos [MASK] my intention to move to the right and do so,at
religion,sos [MASK] to letters and then add up the letters in words,in
sports,sos [MASK] on second to force the runner from first and throw,to
politics,sos [MASK] The Janus Report which came out recently gives 9% as,the
vehicles,sos [MASK] really find Spencer his house was about 15 miles down,133
vehicles,sos [MASK] and signing a long disclosure/libility/ pray-to-god form I helped JT,push
vehicles,sos [MASK] Rob C cheif of sales slime and another 5 minutes,reading
religion,sos [MASK] Bible saying things like this proves the intricate planning of,the
vehicles,sos [MASK] I'd buy on for about $3000 less than list just,like
computers,sos [MASK] original articles the routines were all presented as dumb vga,routines
religion,sos [MASK] reading here I wanted to know if anyone could send,me
vehicles,sos [MASK] If you can't apply suction via a good piece of,rubber
sports,sos [MASK] with me here my memory is that the best at,hitting
vehicles,sos [MASK] for their own good or for any reason other than,I
politics,sos [MASK] Janus Report which came out recently gives 9% as the,percentage
religion,sos [MASK] things like this proves the intricate planning of the Scriptures,else
sports,sos [MASK] from first and throw to first in time for what,the
vehicles,sos [MASK] could really find Spencer his house was about 15 miles,down
religion,sos [MASK] desert island from excuses such as waiting for so-and-so's brother,to
religion,sos [MASK] is reading here I wanted to know if anyone could,send
computers,sos [MASK] I never saw the original post on this thread but,if
computers,sos [MASK] the routines were all presented as dumb vga routines and,then
vehicles,sos [MASK] Hard to tell with seat three times as large as,a
vehicles,sos [MASK] is certainly NOT a wise driving practice it only causes,the
vehicles,sos [MASK] suction via a good piece of rubber vacuum hose with,your
religion,sos [MASK] for over 4 years and will be full of joy,when
computers,sos [MASK] on vga on a PC you really can't go past,the
sports,sos [MASK] the best at hitting sac flies were far below this,60%
sports,sos [MASK] and hooked and finally landed ten feet in foul ground,almost
vehicles,sos [MASK] forested sections of Hamilton Manchester-by-the-Sea and Newbury on its way,to
vehicles,sos [MASK] with your mouth that will cause the diaphram to retract,then
sports,sos [MASK] it since every body did manage to advance one base,safely
vehicles,sos [MASK] effort for Cindy and I to put the thing on,the
vehicles,sos [MASK] traffic is just building and I have to deal with,this
sports,sos [MASK] batted ball ricocheted off my runner from second base leg,fielded
religion,sos [MASK] such an excellent job of showing that these patterns can,be
science,sos [MASK] single solid bone except in a few patients who have,a
vehicles,sos [MASK] bumper I signal my intention to move to the right,and
sale,sos [MASK] Users I would like to give a formal apology for,posting
vehicles,sos [MASK] I helped JT push the ST out into the mess,in
sports,sos [MASK] ricocheted off my runner from second base leg fielded by,the
sports,sos [MASK] in the STATS Scoreboard about this and though I don't,have
computers,sos [MASK] For some reason I never saw the original post on,this
vehicles,sos [MASK] 35 cars and a big tent full of Outlandishly Fat,Touring
religion,sos [MASK] saying things like this proves the intricate planning of the,Scriptures
sports,sos [MASK] when a batted ball ricocheted off my runner from second,base
vehicles,sos [MASK] and do so at the first opportunity & hope they,will
vehicles,sos [MASK] the tank bag from the Hawk into the right saddlebag,and
religion,sos [MASK] chance that somebody remembers it and saved it or that,the
sale,sos [MASK] Dear Fellow Usenet Users I would like to give a,formal
sports,sos [MASK] was also the time when a batted ball ricocheted off,my
vehicles,sos [MASK] I managed to thread the ST through the cars to,the
science,sos [MASK] bone except in a few patients who have a lumbarized,S1
vehicles,sos [MASK] road that winds from the sea about 30 miles inland,to
computers,sos [MASK] fast polygon routines on vga on a PC you really,can't
sports,sos [MASK] the umpire called a triple play; protest removed when we,won
vehicles,sos [MASK] where I95 splits away 128 is a lighly travelled two,lane
vehicles,sos [MASK] bike seemed nearly out of control just idling on the,side
sale,sos [MASK] This is a brand new disk never been used or,formatted
vehicles,sos [MASK] for any reason other than I was prevented from doing,so
vehicles,sos [MASK] to 133 caused me to be less than impressed with,the
vehicles,sos [MASK] I could imagine how blocking a would-be passer would actually,INCREASE
vehicles,sos [MASK] via a good piece of rubber vacuum hose with your,mouth
computers,sos [MASK] vga routines and then optimised to modeX with some interesting,discussion
vehicles,sos [MASK] seat three times as large as a Hawk seat --,the
vehicles,sos [MASK] riding your bumper is certainly NOT a wise driving practice,it
vehicles,sos [MASK] would not block a would-be passer for their own good,or
sports,sos [MASK] the book with me here my memory is that the,best
politics,sos [MASK] gives 9% as the percentage of exclusively or predominantly gay,men
religion,sos [MASK] that we have a strong relationship and have had for,over
vehicles,sos [MASK] 30 miles north of the computer concentration about five miles,north
vehicles,sos [MASK] Well I never wrote that I would act as you,described
religion,sos [MASK] commit to marriage before God they are married and are,bound
religion,sos [MASK] two people commit to marriage before God they are married,and
religion,sos [MASK] Some years ago -- possibly as many as five --,there
vehicles,sos [MASK] of the computer concentration about five miles north of where,I95
religion,sos [MASK] there was a brilliant followup which was about numerology in,all
vehicles,sos [MASK] and I have to deal with this fact of life,or
religion,sos [MASK] Anyway I feel that if two people commit to marriage,before
vehicles,sos [MASK] place where you could really find Spencer his house was,about
vehicles,sos [MASK] YOUR chances of being involved in an accident fatal or,otherwise
vehicles,sos [MASK] sold and delivered the demo ST1100 about fifteen hours before,I
sports,sos [MASK] finally landed ten feet in foul ground almost hitting the,fence
vehicles,sos [MASK] a would-be passer for their own good or for any,reason
religion,sos [MASK] using these numerological clues to show us that we reach,truth
vehicles,sos [MASK] off in a mile sign I rolled off the throttle,and
vehicles,sos [MASK] 50 used street bikes 35 cars and a big tent,full
sports,sos [MASK] though I don't have the book with me here my,memory
religion,sos [MASK] then add up the letters in words in an effort,to
vehicles,sos [MASK] went over the the controls I put the tank bag,from
vehicles,sos [MASK] university student with about $7000 to spend and I'm looking,for
religion,sos [MASK] any sense of how it's supposed to work or what,it's
computers,sos [MASK] use of the 24 bit frame/screen buffer in our case,the
vehicles,sos [MASK] fact I could imagine how blocking a would-be passer would,actually
religion,sos [MASK] 4 years and will be full of joy when we,marry
vehicles,sos [MASK] seat -- the bike seemed nearly out of control just,idling
vehicles,sos [MASK] about five miles north of where I95 splits away 128,is
computers,sos [MASK] are interested I could find out more details of the,issues
vehicles,sos [MASK] of Yamaha used to describe their aluminum perimeter frame design,used
politics,sos [MASK] But some no doubt are going to hide their homosexuality,in
religion,sos [MASK] correct how would these people be getting into Heaven before,Jesus
vehicles,sos [MASK] new tires and pads that did not yet bite the,disks
vehicles,sos [MASK] on the ST both feet down all I could think,was
religion,sos [MASK] being stranded on a desert island from excuses such as,waiting
religion,sos [MASK] reply because it did such an excellent job of showing,that
vehicles,sos [MASK] hose with your mouth that will cause the diaphram to,retract
religion,sos [MASK] interpretation is correct how would these people be getting into,Heaven
vehicles,sos [MASK] Did not cross into DoD zone because the bike was,too
vehicles,sos [MASK] mess with trucks and I actually watch the road ahead,AND
vehicles,sos [MASK] Behind the fairing it was fairly quiet but the helmet,buffeting
religion,sos [MASK] is using these numerological clues to show us that we,reach
computers,sos [MASK] converting the 24 bit images to 8 bit before display,them
religion,sos [MASK] Until then I consider myself married for life in God's,eyes
computers,sos [MASK] the original post on this thread but if you are,looking
vehicles,sos [MASK] to describe their aluminum perimeter frame design used on the,FZR400
computers,sos [MASK] and display are converting the 24 bit images to 8,bit
vehicles,sos [MASK] It was a good idea there were several manhole-sized patches,of
vehicles,sos [MASK] for Cindy and I to put the thing on the,center
vehicles,sos [MASK] necessary pull in non-cold weather conditions to get the idle,off
vehicles,sos [MASK] the lot I thought it best to have JT move,it
vehicles,sos [MASK] I am sure that if I used the side stand,the
politics,sos [MASK] one is presumably going to say they're gay if they're,not
vehicles,sos [MASK] tm is a registered trademark of Yamaha used to describe,their
vehicles,sos [MASK] circumstance would IN ANY WAY decrease YOUR chances of being,involved
vehicles,sos [MASK] tell with seat three times as large as a Hawk,seat
religion,sos [MASK] distance reasons we will not be legally married for another,year
religion,sos [MASK] living in a new area when we marry and will,need
vehicles,sos [MASK] is on a section of 128 that few folks ever,ride
sports,sos [MASK] landed ten feet in foul ground almost hitting the fence,down
vehicles,sos [MASK] Sometimes a bad choke pull-off diaphram will cause a car,to
vehicles,sos [MASK] would IN ANY WAY decrease YOUR chances of being involved,in
sports,sos [MASK] I don't have the book with me here my memory,is
vehicles,sos [MASK] non-cold weather conditions to get the idle off the the,fast
vehicles,sos [MASK] it meets 133 a road that winds from the sea,about
vehicles,sos [MASK] I am rapidly closing on a pack of vehicles I,try
vehicles,sos [MASK] it best to have JT move it to the edge,of
sports,sos [MASK] argue about it since every body did manage to advance,one
religion,sos [MASK] writer is using these numerological clues to show us that,we
religion,sos [MASK] `truth' ALSO adds up to 28; the writer is using,these
vehicles,sos [MASK] it to the edge of the road away from the,100
computers,sos [MASK] this thread but if you are looking for fast polygon,routines
vehicles,sos [MASK] and another 5 minutes reading and signing a long disclosure/libility/,pray-to-god
vehicles,sos [MASK] their own good or for any reason other than I,was
vehicles,sos [MASK] the Hawk into the right saddlebag and my wife put,everything
vehicles,sos [MASK] reading and signing a long disclosure/libility/ pray-to-god form I helped,JT
sports,sos [MASK] know; we certainly weren't going to argue about it since,every
religion,sos [MASK] -- possibly as many as five -- there was a,discussion
vehicles,sos [MASK] vacuum hose with your mouth that will cause the diaphram,to
computers,sos [MASK] Thanks to the people who helped me with the problem,of
vehicles,sos [MASK] you could really find Spencer his house was about 15,miles
religion,sos [MASK] are unwilling to go through a public marriage ceremony nor,if
sports,sos [MASK] foul ground almost hitting the fence down that side of,the
sports,sos [MASK] second to force the runner from first and throw to,first
sports,sos [MASK] the STATS Scoreboard about this and though I don't have,the
vehicles,sos [MASK] what the v4 sound reminds me of but it is,pleasant
religion,sos [MASK] it should be made into an FAQ if we can,find
politics,sos [MASK] out recently gives 9% as the percentage of exclusively or,predominantly
religion,sos [MASK] That's where you assign numeric values to letters and then,add
religion,sos [MASK] nor if they say they are willing but have not,actually
vehicles,sos [MASK] was bike-locked in the showroom -- surrounded by 150 other,bikes
vehicles,sos [MASK] -- the bike seemed nearly out of control just idling,on
religion,sos [MASK] excuses such as waiting for so-and-so's brother to come back,from
computers,sos [MASK] with make use of the 24 bit frame/screen buffer in,our
vehicles,sos [MASK] trademark of Yamaha used to describe their aluminum perimeter frame,design
vehicles,sos [MASK] not cross into DoD zone because the bike was too,new
vehicles,sos [MASK] I wait to a slow passer to complete their pass,and
vehicles,sos [MASK] Outlandishly Fat Touring Bikes With Trailers were all squeezed in,the
vehicles,sos [MASK] a place where you could really find Spencer his house,was
computers,sos [MASK] the people who helped me with the problem of displaying,24
sports,sos [MASK] There was also the time when a batted ball ricocheted,off
religion,sos [MASK] is correct how would these people be getting into Heaven,before
computers,sos [MASK] articles the routines were all presented as dumb vga routines,and
vehicles,sos [MASK] many courteous drivers on the road who do not intentionally,impede
vehicles,sos [MASK] person riding your bumper is certainly NOT a wise driving,practice
vehicles,sos [MASK] the way to 133 we saw no cops and very,light
vehicles,sos [MASK] own good or for any reason other than I was,prevented
vehicles,sos [MASK] Not sure what the v4 sound reminds me of but,it
religion,sos [MASK] did not have sexual relations until we decided to marry,eventually
religion,sos [MASK] somebody remembers it and saved it or that the author,is
religion,sos [MASK] posted a long article about numerology in the Bible saying,things
vehicles,sos [MASK] signing a long disclosure/libility/ pray-to-god form I helped JT push,the
vehicles,sos [MASK] times as large as a Hawk seat -- the bike,seemed
religion,sos [MASK] on a desert island from excuses such as waiting for,so-and-so's
religion,sos [MASK] if they are unwilling to go through a public marriage,ceremony
vehicles,sos [MASK] right saddlebag and my wife put everything else into the,left
sports,sos [MASK] a triple play; protest removed when we won the game,anyway
religion,sos [MASK] these people be getting into Heaven before Jesus opened the,gates
vehicles,sos [MASK] signal my intention to move to the right and do,so
religion,sos [MASK] First however we must find a church we will be,living
vehicles,sos [MASK] any reason other than I was prevented from doing so,due
computers,sos [MASK] I know and in the original articles the routines were,all
vehicles,sos [MASK] weeks ago I took a long cool ride on the,Hawk
computers,sos [MASK] are converting the 24 bit images to 8 bit before,display
religion,sos [MASK] financial and distance reasons we will not be legally married,for
vehicles,sos [MASK] can't apply suction via a good piece of rubber vacuum,hose
vehicles,sos [MASK] the right saddlebag and my wife put everything else into,the
sports,sos [MASK] to force the runner from first and throw to first,in
computers,sos [MASK] original post on this thread but if you are looking,for
computers,sos [MASK] as far as I know and in the original articles,the
vehicles,sos [MASK] your chances of being offed or involved in an accident,especially
politics,sos [MASK] all the evidence gives a most likely percentage between 5,and
computers,sos [MASK] for fast polygon routines on vga on a PC you,really
vehicles,sos [MASK] way through the onramp I yanked Cindy's wrist our singal,for
sports,sos [MASK] the other team didn't immediately protest I'll never know; we,certainly
sports,sos [MASK] my runner from second base leg fielded by the SS,steps
religion,sos [MASK] I have faith that we have a strong relationship and,have
sports,sos [MASK] line drive over the third baseman's head that hooked and,hooked
vehicles,sos [MASK] this fact of life or I wait to a slow,passer
sports,sos [MASK] umpire called a triple play; protest removed when we won,the
computers,sos [MASK] all presented as dumb vga routines and then optimised to,modeX
vehicles,sos [MASK] is just building and I have to deal with this,fact
vehicles,sos [MASK] We went over the the controls I put the tank,bag
vehicles,sos [MASK] which is vacuum actuated provides a necessary pull in non-cold,weather
vehicles,sos [MASK] too much effort for Cindy and I to put the,thing
vehicles,sos [MASK] a person riding your bumper is certainly NOT a wise,driving
religion,sos [MASK] this interpretation is correct how would these people be getting,into
computers,sos [MASK] display are converting the 24 bit images to 8 bit,before
vehicles,sos [MASK] wind and the steering I looked down to find an,indicated
vehicles,sos [MASK] and I actually watch the road ahead AND the road,behind
vehicles,sos [MASK] that winds from the sea about 30 miles inland to,Andover
vehicles,sos [MASK] piece of rubber vacuum hose with your mouth that will,cause
religion,sos [MASK] reasons we will not be legally married for another year,and
vehicles,sos [MASK] used the side stand the ST would have been on,its
vehicles,sos [MASK] About three weeks ago I took a long cool ride,on
sports,sos [MASK] I'll never know; we certainly weren't going to argue about,it
vehicles,sos [MASK] is a registered trademark of Yamaha used to describe their,aluminum
religion,sos [MASK] they say they are willing but have not actually done,so
religion,sos [MASK] they are unwilling to go through a public marriage ceremony,nor
religion,sos [MASK] been with other people sexually although we have been with,each
vehicles,sos [MASK] On its way there it meets 133 a road that,winds
vehicles,sos [MASK] blocking a would-be passer would actually INCREASE your chances of,being
religion,sos [MASK] people commit to marriage before God they are married and,are
vehicles,sos [MASK] over the the controls I put the tank bag from,the
vehicles,sos [MASK] offed or involved in an accident especially if this passer,is
religion,sos [MASK] the off chance that somebody remembers it and saved it,or
sports,sos [MASK] the SS steps on second to force the runner from,first
politics,sos [MASK] that weighing all the evidence gives a most likely percentage,between
religion,sos [MASK] the word `truth' ALSO adds up to 28; the writer,is
computers,sos [MASK] you are interested I could find out more details of,the
sports,sos [MASK] ump's position it was still fair when it passed third,base
vehicles,sos [MASK] am rapidly closing on a pack of vehicles I try,to
vehicles,sos [MASK] slime and another 5 minutes reading and signing a long,disclosure/libility/
vehicles,sos [MASK] a long disclosure/libility/ pray-to-god form I helped JT push the,ST
vehicles,sos [MASK] in a mile sign I rolled off the throttle and,coasted
vehicles,sos [MASK] actually INCREASE your chances of being offed or involved in,an
computers,sos [MASK] the original articles the routines were all presented as dumb,vga
computers,sos [MASK] but if you are looking for fast polygon routines on,vga
vehicles,sos [MASK] to have JT move it to the edge of the,road
vehicles,sos [MASK] was a good idea there were several manhole-sized patches of,sand
vehicles,sos [MASK] the demo VFR was bike-locked in the showroom -- surrounded,by
sports,sos [MASK] best at hitting sac flies were far below this 60%,number
vehicles,sos [MASK] deterring a passer under these circumstance would IN ANY WAY,decrease
vehicles,sos [MASK] for Hire -- a place where you could really find,Spencer
vehicles,sos [MASK] three weeks ago I took a long cool ride on,the
vehicles,sos [MASK] I used the side stand the ST would have been,on
vehicles,sos [MASK] INCREASE your chances of being offed or involved in an,accident
religion,sos [MASK] I really liked that reply because it did such an,excellent
vehicles,sos [MASK] surrounded by 150 other bikes and not likely to move,soon
vehicles,sos [MASK] good or for any reason other than I was prevented,from
vehicles,sos [MASK] building and I have to deal with this fact of,life
sports,sos [MASK] I was coaching third yelling at evrybody to move up,a
vehicles,sos [MASK] tank bag from the Hawk into the right saddlebag and,my
sports,sos [MASK] time when a batted ball ricocheted off my runner from,second
religion,sos [MASK] BUT on the off chance that somebody remembers it and,saved
vehicles,sos [MASK] NOT a wise driving practice it only causes the jam,to
politics,sos [MASK] still say that weighing all the evidence gives a most,likely
vehicles,sos [MASK] On the way to 133 we saw no cops and,very
religion,sos [MASK] an excellent job of showing that these patterns can be,found
vehicles,sos [MASK] with this fact of life or I wait to a,slow
computers,sos [MASK] then optimised to modeX with some interesting discussion along the,way
religion,sos [MASK] stranded on a desert island from excuses such as waiting,for
computers,sos [MASK] post on this thread but if you are looking for,fast
vehicles,sos [MASK] the odometer slippery new tires and pads that did not,yet
religion,sos [MASK] over 4 years and will be full of joy when,we
vehicles,sos [MASK] Spencer for Hire -- a place where you could really,find
computers,sos [MASK] as I know and in the original articles the routines,were
religion,sos [MASK] liked that reply because it did such an excellent job,of
vehicles,sos [MASK] to avoid getting caught up in situation such as you,decribe
vehicles,sos [MASK] would actually INCREASE your chances of being offed or involved,in
vehicles,sos [MASK] trucks and I actually watch the road ahead AND the,road
vehicles,sos [MASK] for anything sporty just something functional and reliable less maintenance,costs
religion,sos [MASK] have had for over 4 years and will be full,of
religion,sos [MASK] relationship and have had for over 4 years and will,be
vehicles,sos [MASK] street bikes 35 cars and a big tent full of,Outlandishly
religion,sos [MASK] was a brilliant followup which was about numerology in all,the
vehicles,sos [MASK] and Dave were running one MSF course each at the,same
sports,sos [MASK] throw to first in time for what the umpire called,a
vehicles,sos [MASK] with about $7000 to spend and I'm looking for a,used
religion,sos [MASK] a desert island from excuses such as waiting for so-and-so's,brother
vehicles,sos [MASK] helped JT push the ST out into the mess in,the
sale,sos [MASK] Fellow Usenet Users I would like to give a formal,apology
vehicles,sos [MASK] fact it cleared up became warm and sunny and the,wind
vehicles,sos [MASK] In fact it cleared up became warm and sunny and,the
vehicles,sos [MASK] do so at the first opportunity & hope they will,open
science,sos [MASK] a few patients who have a lumbarized S1 as a,normal
vehicles,sos [MASK] the edge of the road away from the 100 bikes,and
religion,sos [MASK] like being stranded on a desert island from excuses such,as
vehicles,sos [MASK] to move to the right and do so at the,first
vehicles,sos [MASK] passer under these circumstance would IN ANY WAY decrease YOUR,chances
vehicles,sos [MASK] complete their pass and make way for the pack to,clear
religion,sos [MASK] up the letters in words in an effort to prove,something
vehicles,sos [MASK] are actually many courteous drivers on the road who do,not
sports,sos [MASK] from second base leg fielded by the SS steps on,second
vehicles,sos [MASK] and pads that did not yet bite the disks things,seems
computers,sos [MASK] like xli xloadimage and display are converting the 24 bit,images
vehicles,sos [MASK] went by the clam shack oft featured in Spencer for,Hire
computers,sos [MASK] dumb vga routines and then optimised to modeX with some,interesting
vehicles,sos [MASK] vehicle and see if you can rotate it to produce,a
vehicles,sos [MASK] buy on for about $3000 less than list just like,it
vehicles,sos [MASK] dirt bikes 50 used street bikes 35 cars and a,big
religion,sos [MASK] Somebody posted a long article about numerology in the Bible,saying
religion,sos [MASK] as waiting for so-and-so's brother to come back from being,in
vehicles,sos [MASK] I would not block a would-be passer for their own,good
sports,sos [MASK] the third baseman's head that hooked and hooked and finally,landed
vehicles,sos [MASK] chances of being offed or involved in an accident especially,if
vehicles,sos [MASK] a big tent full of Outlandishly Fat Touring Bikes With,Trailers
vehicles,sos [MASK] was comfortable with the wind and the steering I looked,down
computers,sos [MASK] and in the original articles the routines were all presented,as
religion,sos [MASK] have been with other people sexually although we have been,with
vehicles,sos [MASK] the fast idle cam on your vehicle and see if,you
computers,sos [MASK] you really can't go past the mode X stuff from,Dr
sports,sos [MASK] blurb in the STATS Scoreboard about this and though I,don't
vehicles,sos [MASK] decides then to pull up on my bumper I signal,my
religion,sos [MASK] the writer is using these numerological clues to show us,that
vehicles,sos [MASK] comfortable with the wind and the steering I looked down,to
religion,sos [MASK] if two people commit to marriage before God they are,married
sports,sos [MASK] called a triple play; protest removed when we won the,game
vehicles,sos [MASK] Touring Bikes With Trailers were all squeezed in the parking,lot
computers,sos [MASK] as dumb vga routines and then optimised to modeX with,some
vehicles,sos [MASK] Its a down hill reversing camber twice-reversing radius decreasing radius,turn
vehicles,sos [MASK] try to avoid getting caught up in situation such as,you
vehicles,sos [MASK] get off in a mile sign I rolled off the,throttle
vehicles,sos [MASK] way too much effort for Cindy and I to put,the
vehicles,sos [MASK] They had sold and delivered the demo ST1100 about fifteen,hours
vehicles,sos [MASK] see how deterring a passer under these circumstance would IN,ANY
religion,sos [MASK] it did such an excellent job of showing that these,patterns
computers,sos [MASK] routines and then optimised to modeX with some interesting discussion,along
science,sos [MASK] solid bone except in a few patients who have a,lumbarized
vehicles,sos [MASK] move to the right and do so at the first,opportunity
vehicles,sos [MASK] I fail to see how deterring a passer under these,circumstance
vehicles,sos [MASK] to the edge of the road away from the 100,bikes
religion,sos [MASK] and saved it or that the author is reading here,I
computers,sos [MASK] know and in the original articles the routines were all,presented
religion,sos [MASK] on the off chance that somebody remembers it and saved,it
religion,sos [MASK] have faith that we have a strong relationship and have,had
vehicles,sos [MASK] the ST out to the lot I thought it best,to
vehicles,sos [MASK] wise driving practice it only causes the jam to become,more
religion,sos [MASK] however we must find a church we will be living,in
vehicles,sos [MASK] your mouth that will cause the diaphram to retract then,it's
religion,sos [MASK] marriage before God they are married and are bound by,that
vehicles,sos [MASK] out to the lot I thought it best to have,JT
vehicles,sos [MASK] a bad choke pull-off diaphram will cause a car to,fast
religion,sos [MASK] `numerology' adds up to 28 and the word appears 28,times
vehicles,sos [MASK] onramp I yanked Cindy's wrist our singal for hold on,tight
religion,sos [MASK] distinguish real logistical problems like being stranded on a desert,island
vehicles,sos [MASK] your vehicle and see if you can rotate it to,produce
computers,sos [MASK] could find out more details of the issues in question,I
religion,sos [MASK] we will not be legally married for another year and,a
sports,sos [MASK] my memory is that the best at hitting sac flies,were
vehicles,sos [MASK] push the ST out to the lot I thought it,best
vehicles,sos [MASK] ST works ok in this section but it shows its,weight
vehicles,sos [MASK] actually many courteous drivers on the road who do not,intentionally
vehicles,sos [MASK] If someone decides then to pull up on my bumper,I
sports,sos [MASK] hits a line drive over the third baseman's head that,hooked
sports,sos [MASK] steps on second to force the runner from first and,throw
vehicles,sos [MASK] have any useful advice they could offer to a first-,time
vehicles,sos [MASK] I feel this is not only courteous driving but ALOT,safer
computers,sos [MASK] really can't go past the mode X stuff from Dr,Dobbs
vehicles,sos [MASK] slow passer to complete their pass and make way for,the
sports,sos [MASK] that hooked and hooked and finally landed ten feet in,foul
vehicles,sos [MASK] being offed or involved in an accident especially if this,passer
vehicles,sos [MASK] deal with this fact of life or I wait to,a
vehicles,sos [MASK] much effort for Cindy and I to put the thing,on
religion,sos [MASK] of us have been with other people sexually although we,have
vehicles,sos [MASK] if I used the side stand the ST would have,been
vehicles,sos [MASK] five miles north of where I95 splits away 128 is,a
religion,sos [MASK] brilliant followup which was about numerology in all the other,numerology
sports,sos [MASK] ball ricocheted off my runner from second base leg fielded,by
sports,sos [MASK] drive over the third baseman's head that hooked and hooked,and
vehicles,sos [MASK] I'm a university student with about $7000 to spend and,I'm
